q,tail,pair,lambda_calm,lambda_stress,difference,diff_lo,diff_hi,p_value,sig_uncorrected_5pct,sig_bonferroni_m60,sig_FDR_BH_5pct,bh_cutoff_p_used
0.025000,lower,Brent–Cedi,0.015049,0.000000,-0.015049,-0.045147,0.000000,0.785214,False,False,False,-1.000000
0.025000,lower,Brent–WTI,0.662152,0.687679,0.025527,-0.333361,0.269802,0.872808,False,False,False,-1.000000
0.025000,lower,Cocoa–Brent,0.090293,0.114613,0.024320,-0.150489,0.268595,0.870275,False,False,False,-1.000000
0.025000,lower,Cocoa–Cedi,0.000000,0.000000,0.000000,0.000000,0.000000,1.000000,False,False,False,-1.000000
0.025000,lower,Cocoa–Gold,0.030098,0.229226,0.199129,-0.075245,0.413306,0.644557,False,False,False,-1.000000
0.025000,lower,Cocoa–WTI,0.090293,0.114613,0.024320,-0.150489,0.307964,0.886474,False,False,False,-1.000000
0.025000,lower,Gold–Brent,0.060196,0.000000,-0.060196,-0.120391,0.153982,0.116592,False,False,False,-1.000000
0.025000,lower,Gold–Cedi,0.045147,0.000000,-0.045147,-0.105342,0.000000,0.122525,False,False,False,-1.000000
0.025000,lower,Gold–WTI,0.060196,0.000000,-0.060196,-0.105342,0.199129,0.224118,False,False,False,-1.000000
0.025000,lower,WTI–Cedi,0.000000,0.000000,0.000000,-0.015049,0.000000,1.000000,False,False,False,-1.000000
0.025000,upper,Brent–Cedi,0.045147,0.114613,0.069466,-0.075245,0.328791,0.628025,False,False,False,-1.000000
0.025000,upper,Brent–WTI,0.692250,0.458453,-0.233797,-0.523219,0.110042,0.151857,False,False,False,-1.000000
0.025000,upper,Cocoa–Brent,0.030098,0.000000,-0.030098,-0.075245,0.214177,0.371642,False,False,False,-1.000000
0.025000,upper,Cocoa–Cedi,0.015049,0.000000,-0.015049,-0.045147,0.000000,0.814146,False,False,False,-1.000000
0.025000,upper,Cocoa–Gold,0.030098,0.000000,-0.030098,-0.075245,0.000000,0.258916,False,False,False,-1.000000
0.025000,upper,Cocoa–WTI,0.030098,0.000000,-0.030098,-0.090293,0.000000,0.308046,False,False,False,-1.000000
0.025000,upper,Gold–Brent,0.060196,0.000000,-0.060196,-0.135440,-0.015049,0.090327,False,False,False,-1.000000
0.025000,upper,Gold–Cedi,0.030098,0.000000,-0.030098,-0.075245,0.000000,0.307513,False,False,False,-1.000000
0.025000,upper,Gold–WTI,0.075245,0.000000,-0.075245,-0.150489,-0.015049,0.036798,True,False,False,-1.000000
0.025000,upper,WTI–Cedi,0.030098,0.114613,0.084515,-0.060196,0.343840,0.609026,False,False,False,-1.000000
0.050000,lower,Brent–Cedi,0.052671,0.000000,-0.052671,-0.105342,-0.015049,0.036664,True,False,False,-1.000000
0.050000,lower,Brent–WTI,0.722348,0.859599,0.137251,-0.099500,0.251864,0.174722,False,False,False,-1.000000
0.050000,lower,Cocoa–Brent,0.135440,0.114613,-0.020827,-0.138329,0.173666,0.799880,False,False,False,-1.000000
0.050000,lower,Cocoa–Cedi,0.037622,0.057307,0.019684,-0.060196,0.107089,0.789614,False,False,False,-1.000000
0.050000,lower,Cocoa–Gold,0.082769,0.114613,0.031844,-0.120391,0.191604,0.760283,False,False,False,-1.000000
0.050000,lower,Cocoa–WTI,0.127916,0.114613,-0.013303,-0.135440,0.181191,0.876342,False,False,False,-1.000000
0.050000,lower,Gold–Brent,0.090293,0.114613,0.024320,-0.115756,0.196239,0.776482,False,False,False,-1.000000
0.050000,lower,Gold–Cedi,0.052671,0.000000,-0.052671,-0.105342,-0.015049,0.039664,True,False,False,-1.000000
0.050000,lower,Gold–WTI,0.112867,0.114613,0.001746,-0.127916,0.188715,0.965402,False,False,False,-1.000000
0.050000,lower,WTI–Cedi,0.037622,0.000000,-0.037622,-0.090293,-0.007524,0.088927,False,False,False,-1.000000
0.050000,upper,Brent–Cedi,0.052671,0.057307,0.004635,-0.082769,0.156871,0.942804,False,False,False,-1.000000
0.050000,upper,Brent–WTI,0.729872,0.744986,0.015114,-0.256370,0.174873,0.873208,False,False,False,-1.000000
0.050000,upper,Cocoa–Brent,0.067720,0.057307,-0.010414,-0.090293,0.141822,0.871542,False,False,False,-1.000000
0.050000,upper,Cocoa–Cedi,0.052671,0.000000,-0.052671,-0.097818,0.054418,0.079595,False,False,False,-1.000000
0.050000,upper,Cocoa–Gold,0.075245,0.000000,-0.075245,-0.120391,0.016795,0.043730,True,False,False,-1.000000
0.050000,upper,Cocoa–WTI,0.052671,0.057307,0.004635,-0.082769,0.134297,0.964202,False,False,False,-1.000000
0.050000,upper,Gold–Brent,0.067720,0.057307,-0.010414,-0.105342,0.126773,0.883274,False,False,False,-1.000000
0.050000,upper,Gold–Cedi,0.067720,0.000000,-0.067720,-0.105342,0.012160,0.033798,True,False,False,-1.000000
0.050000,upper,Gold–WTI,0.090293,0.000000,-0.090293,-0.142965,0.093786,0.133191,False,False,False,-1.000000
0.050000,upper,WTI–Cedi,0.052671,0.057307,0.004635,-0.090293,0.141822,0.948137,False,False,False,-1.000000
0.100000,lower,Brent–Cedi,0.120391,0.028653,-0.091738,-0.146727,0.019113,0.054196,False,False,False,-1.000000
0.100000,lower,Brent–WTI,0.759970,0.802292,0.042322,-0.140884,0.138124,0.587961,False,False,False,-1.000000
0.100000,lower,Cocoa–Brent,0.158014,0.143266,-0.014747,-0.138329,0.078737,0.822012,False,False,False,-1.000000
0.100000,lower,Cocoa–Cedi,0.086531,0.085960,-0.000571,-0.109105,0.058180,0.986601,False,False,False,-1.000000
0.100000,lower,Cocoa–Gold,0.139202,0.200573,0.061371,-0.081896,0.163824,0.394307,False,False,False,-1.000000
0.100000,lower,Cocoa–WTI,0.154251,0.143266,-0.010985,-0.123280,0.122439,0.865209,False,False,False,-1.000000
0.100000,lower,Gold–Brent,0.173062,0.171920,-0.001143,-0.138329,0.143568,0.989134,False,False,False,-1.000000
0.100000,lower,Gold–Cedi,0.094056,0.028653,-0.065402,-0.120391,0.024320,0.072995,False,False,False,-1.000000
0.100000,lower,Gold–WTI,0.173062,0.229226,0.056164,-0.079578,0.197986,0.434504,False,False,False,-1.000000
0.100000,lower,WTI–Cedi,0.097818,0.028653,-0.069165,-0.135440,0.006953,0.053930,False,False,False,-1.000000
0.100000,upper,Brent–Cedi,0.105342,0.085960,-0.019382,-0.106787,0.112597,0.734351,False,False,False,-1.000000
0.100000,upper,Brent–WTI,0.733634,0.773639,0.040005,-0.080703,0.162142,0.514232,False,False,False,-1.000000
0.100000,upper,Cocoa–Brent,0.139202,0.057307,-0.081896,-0.150525,-0.002016,0.030931,True,False,False,-1.000000
0.100000,upper,Cocoa–Cedi,0.101580,0.028653,-0.072927,-0.124153,0.041686,0.114059,False,False,False,-1.000000
0.100000,upper,Cocoa–Gold,0.139202,0.085960,-0.053243,-0.140647,0.066577,0.321579,False,False,False,-1.000000
0.100000,upper,Cocoa–WTI,0.142965,0.085960,-0.057005,-0.136885,0.034162,0.205053,False,False,False,-1.000000
0.100000,upper,Gold–Brent,0.154251,0.143266,-0.010985,-0.129360,0.101311,0.861476,False,False,False,-1.000000
0.100000,upper,Gold–Cedi,0.112867,0.085960,-0.026907,-0.127916,0.074102,0.650157,False,False,False,-1.000000
0.100000,upper,Gold–WTI,0.173062,0.200573,0.027511,-0.105914,0.134599,0.668022,False,False,False,-1.000000
0.100000,upper,WTI–Cedi,0.105342,0.114613,0.009271,-0.087976,0.138933,0.874142,False,False,False,-1.000000
