,cedi,cedi_yahoo,gap_pct
2015-01-28,3.2328,3.319999933242798,2.7
2015-01-29,3.2328,3.380000114440918,4.55
2015-01-30,3.2401,3.3299999237060547,2.77
2015-02-02,3.2436,3.3499999046325684,3.28
2015-02-05,3.276,3.380000114440918,3.17
2015-02-06,3.2808,3.359999895095825,2.41
2015-02-09,3.2841,3.380000114440918,2.92
2015-02-18,3.3957,3.4800000190734863,2.48
2015-03-17,3.5561,3.634999990463257,2.22
2015-03-20,3.6402,3.740000009536743,2.74
2015-03-27,3.7152,3.799999952316284,2.28
2015-05-18,3.8758,3.9700000286102295,2.43
2015-05-19,3.8616,3.940000057220459,2.03
2015-05-20,3.874,3.9800000190734863,2.74
2015-05-21,3.9057,3.990000009536743,2.16
2015-05-22,3.9385,4.019999980926514,2.07
2015-05-26,3.9318,4.026000022888184,2.4
2015-06-10,4.1171,4.199999809265137,2.01
2015-06-11,4.1362,4.21999979019165,2.03
2015-06-12,4.1614,4.289999961853027,3.09
2015-06-15,4.1845,4.28000020980835,2.28
2015-06-16,4.2302,4.320000171661377,2.12
2015-06-17,4.2319,4.360000133514404,3.03
2015-06-18,4.2481,4.369999885559082,2.87
2015-06-19,4.2694,4.360000133514404,2.12
2015-06-23,4.2812,4.380000114440918,2.31
2015-07-02,4.1914,4.349999904632568,3.78
2015-07-03,4.0217,4.321499824523926,7.45
2015-07-06,3.9302,4.199999809265137,6.86
2015-07-07,3.7918,3.920000076293945,3.38
2015-07-08,3.668,3.900000095367432,6.32
2015-07-09,3.5463,3.7699999809265137,6.31
2015-07-10,3.4613,3.619999885559082,4.58
2015-07-13,3.3347,3.440000057220459,3.16
2015-07-14,3.3126,3.450000047683716,4.15
2015-07-15,3.3111,3.470000028610229,4.8
2015-07-16,3.2545,3.400000095367432,4.47
2015-07-21,3.266,3.200000047683716,2.02
2015-07-22,3.278,3.2100000381469727,2.07
2015-07-28,3.4121,3.5299999713897705,3.46
2015-07-29,3.4251,3.660000085830689,6.86
2015-07-30,3.4546,3.650000095367432,5.66
2015-07-31,3.4648,3.7200000286102295,7.37
2015-08-03,3.5552,3.7200000286102295,4.64
2015-08-04,3.5926,3.7799999713897705,5.22
2015-08-05,3.6757,3.7699999809265137,2.57
2015-08-07,3.7577,3.680000066757202,2.07
2015-08-10,3.7803,3.680000066757202,2.65
2015-08-11,3.7972,3.890000104904175,2.44
2015-08-12,3.8269,3.930000066757202,2.69
2015-08-13,3.8732,4.0,3.27
2015-08-17,3.9237,4.010000228881836,2.2
2015-08-18,3.9397,4.076200008392334,3.46
2015-08-19,3.9621,4.087100028991699,3.15
2015-08-20,3.9797,4.098400115966797,2.98
2015-08-21,4.0192,4.170100212097168,3.75
2015-08-24,4.0346,4.259900093078613,5.58
2015-08-25,4.0486,4.33620023727417,7.1
2015-08-26,4.06,4.334000110626221,6.75
2015-08-27,4.0671,4.202400207519531,3.33
2015-08-28,4.0456,4.143099784851074,2.41
2015-08-31,3.9231,4.055500030517578,3.37
2015-09-01,3.7798,3.90339994430542,3.27
2015-09-02,3.7412,3.85509991645813,3.04
2015-09-04,3.7083,3.8060998916625977,2.64
2015-09-08,3.7141,3.799999952316284,2.31
2015-09-09,3.7202,3.839999914169312,3.22
2015-09-10,3.7252,3.829999923706055,2.81
2015-09-11,3.7252,3.869999885559082,3.89
2015-09-14,3.7861,3.900000095367432,3.01
2015-09-15,3.8074,3.890000104904175,2.17
2015-09-16,3.8323,3.940000057220459,2.81
2015-09-18,3.8494,3.990000009536743,3.65
2015-11-03,3.7898,3.869999885559082,2.12
2015-11-04,3.7899,3.872499942779541,2.18
2016-01-12,3.7991,3.891000032424927,2.42
2016-01-18,3.8083,3.9579999446868896,3.93
2016-01-19,3.8143,3.947999954223633,3.51
2016-01-20,3.8146,3.940200090408325,3.29
2016-01-21,3.8148,3.948899984359741,3.52
2016-01-22,3.8195,3.959700107574463,3.67
2016-01-25,3.8245,4.009300231933594,4.83
2016-01-26,3.8289,3.934499979019165,2.76
2016-01-27,3.8311,4.011499881744385,4.71
2016-01-29,3.8344,3.9600000381469727,3.28
2016-02-01,3.8391,3.997600078582764,4.13
2016-02-02,3.8447,4.0177001953125,4.5
2016-02-03,3.8472,3.9672000408172607,3.12
2016-02-05,3.8588,3.990000009536743,3.4
2016-02-08,3.8609,3.990000009536743,3.34
2016-02-09,3.867,3.990000009536743,3.18
2016-02-11,3.878,3.9700000286102295,2.37
2016-02-16,3.8765,3.9800000190734863,2.67
2016-09-13,3.9546,3.838200092315674,2.94
2016-10-13,3.9686,3.884700059890747,2.11
2016-11-18,3.9773,4.060100078582764,2.08
2016-11-25,3.9796,4.163099765777588,4.61
2016-11-28,3.9799,4.073299884796143,2.35
2016-11-29,3.9805,4.134399890899658,3.87
2016-11-30,4.0316,4.28000020980835,6.16
2016-12-01,4.0322,4.340000152587891,7.63
2016-12-05,4.0325,4.304699897766113,6.75
2016-12-06,4.0364,4.2729997634887695,5.86
2016-12-07,4.0364,4.300000190734863,6.53
2016-12-08,4.0377,4.2042999267578125,4.13
2016-12-09,4.0394,4.218599796295166,4.44
2016-12-12,4.0692,4.200699806213379,3.23
2016-12-20,4.1231,4.207200050354004,2.04
2016-12-28,4.1787,4.276500225067139,2.34
2017-01-27,4.2689,4.36269998550415,2.2
2017-02-21,4.376,4.50629997253418,2.98
2017-02-22,4.4263,4.534599781036377,2.45
2017-02-23,4.4363,4.539999961853027,2.34
2017-02-24,4.4399,4.539999961853027,2.25
2017-02-27,4.4594,4.611999988555908,3.42
2017-02-28,4.4786,4.599999904632568,2.71
2017-03-01,4.497,4.690000057220459,4.29
2017-03-02,4.5038,4.680200099945068,3.92
2017-03-03,4.5092,4.728899955749512,4.87
2017-03-07,4.542,4.710000038146973,3.7
2017-05-22,4.2629,4.370299816131592,2.52
2017-05-24,4.3032,4.417799949645996,2.66
2017-09-28,4.4018,4.505799770355225,2.36
2017-11-17,4.3955,4.511499881744385,2.64
2017-11-20,4.4005,4.5447998046875,3.28
2017-11-21,4.4005,4.605000019073486,4.65
2017-11-22,4.4036,4.593900203704834,4.32
2017-11-23,4.4036,4.537700176239014,3.05
2017-11-24,4.4065,4.60129976272583,4.42
2017-11-27,4.4076,4.550099849700928,3.23
2017-11-28,4.4124,4.625999927520752,4.84
2017-11-29,4.4124,4.604300022125244,4.35
2017-11-30,4.4122,4.570499897003174,3.59
2017-12-18,4.4115,4.507800102233887,2.18
2017-12-19,4.4115,4.5,2.01
2017-12-20,4.4116,4.50190019607544,2.05
2017-12-27,4.4142,4.508200168609619,2.13
2017-12-28,4.4142,4.509300231933594,2.15
2017-12-29,4.4157,4.514699935913086,2.24
2018-01-02,4.4167,4.5055999755859375,2.01
2018-01-03,4.4167,4.521299839019775,2.37
2018-01-04,4.4182,4.519999980926514,2.3
2018-01-05,4.4179,4.520899772644043,2.33
2018-01-08,4.4188,4.534599781036377,2.62
2018-01-09,4.4188,4.532299995422363,2.57
2018-01-10,4.4195,4.535699844360352,2.63
2018-01-11,4.42,4.555500030517578,3.07
2018-01-18,4.4213,4.535399913787842,2.58
2018-01-19,4.422,4.531799793243408,2.48
2018-01-22,4.422,4.5503997802734375,2.9
2018-01-23,4.4229,4.545000076293945,2.76
2018-01-24,4.4241,4.539999961853027,2.62
2018-01-25,4.4241,4.539999961853027,2.62
2018-01-26,4.4241,4.539999961853027,2.62
2018-02-20,4.4179,4.519100189208984,2.29
2018-05-03,4.4081,4.519999980926514,2.54
2018-05-09,4.4106,4.510000228881836,2.25
2018-05-10,4.412,4.535999774932861,2.81
2018-05-11,4.4123,4.537499904632568,2.84
2018-05-14,4.4131,4.517600059509277,2.37
2018-05-15,4.4138,4.534800052642822,2.74
2018-05-16,4.4142,4.540999889373779,2.87
2018-05-17,4.4142,4.583099842071533,3.83
2018-05-18,4.415,4.529799938201904,2.6
2018-05-21,4.4158,4.602700233459473,4.23
2018-05-22,4.4157,4.542500019073486,2.87
2018-05-23,4.4165,4.635000228881836,4.95
2018-05-24,4.4171,4.651000022888184,5.3
2018-05-28,4.4171,4.619999885559082,4.59
2018-05-29,4.4183,4.654799938201904,5.35
2018-05-30,4.421,4.640999794006348,4.98
2018-05-31,4.4226,4.690000057220459,6.05
2018-06-01,4.425,4.690000057220459,5.99
2018-06-04,4.4266,4.72629976272583,6.77
2018-06-05,4.4301,4.692500114440918,5.92
2018-06-06,4.4339,4.742499828338623,6.96
2018-06-07,4.4378,4.699999809265137,5.91
2018-06-08,4.4428,4.716000080108643,6.15
2018-06-11,4.4453,4.680799961090088,5.3
2018-06-12,4.4479,4.696000099182129,5.58
2018-06-13,4.4506,4.707499980926514,5.77
2018-06-14,4.4535,4.704999923706055,5.65
2018-06-18,4.4557,4.705999851226807,5.62
2018-06-19,4.4598,4.699999809265137,5.39
2018-06-20,4.4645,4.705999851226807,5.41
2018-06-21,4.4675,4.730000019073486,5.88
2018-06-22,4.472,4.730000019073486,5.77
2018-06-25,4.4782,4.78000020980835,6.74
2018-06-26,4.5067,4.73960018157959,5.17
2018-06-27,4.5097,4.769999980926514,5.77
2018-06-28,4.5197,4.772500038146973,5.59
2018-06-29,4.523,4.778500080108643,5.65
2018-07-03,4.5265,4.769999980926514,5.38
2018-07-04,4.5265,4.785999774932861,5.73
2018-07-05,4.5292,4.797399997711182,5.92
2018-07-06,4.5317,4.797299861907959,5.86
2018-07-09,4.5418,4.750199794769287,4.59
2018-07-10,4.6048,4.789999961853027,4.02
2018-07-11,4.6827,4.796000003814697,2.42
2018-07-16,4.6851,4.795000076293945,2.35
2018-07-18,4.6859,4.792500019073486,2.27
2018-07-19,4.687,4.792500019073486,2.25
2018-07-20,4.6892,4.789999961853027,2.15
2018-07-24,4.6925,4.790999889373779,2.1
2018-07-25,4.6934,4.804200172424316,2.36
2018-07-26,4.6947,4.805300235748291,2.36
2018-07-30,4.6946,4.801599979400635,2.28
2018-07-31,4.6943,4.806000232696533,2.38
2018-08-02,4.6951,4.789999961853027,2.02
2018-08-03,4.6963,4.796000003814697,2.12
2018-08-06,4.696,4.796000003814697,2.13
2018-08-07,4.6981,4.792500019073486,2.01
2018-08-09,4.6992,4.804999828338623,2.25
2018-08-10,4.6999,4.795000076293945,2.02
2018-08-14,4.7042,4.8460001945495605,3.01
2018-08-15,4.7061,4.815000057220459,2.31
2018-08-16,4.7079,4.862500190734863,3.28
2018-08-17,4.7139,4.864999771118164,3.21
2018-08-20,4.7134,4.870999813079834,3.34
2018-08-22,4.7165,4.815999984741211,2.11
2018-08-23,4.7171,4.849999904632568,2.82
2018-08-24,4.7186,4.860000133514404,3.0
2018-09-11,4.7569,4.940000057220459,3.85
2018-09-13,4.7595,4.896100044250488,2.87
2018-09-14,4.7607,4.910999774932861,3.16
2018-09-19,4.7655,4.960999965667725,4.1
2018-09-20,4.7666,4.9710001945495605,4.29
2018-09-25,4.7688,4.869400024414063,2.11
2018-09-26,4.7711,4.980000019073486,4.38
2018-09-27,4.7726,4.995999813079834,4.68
2018-09-28,4.7776,4.974999904632568,4.13
2018-10-02,4.7818,4.97599983215332,4.06
2018-10-04,4.7949,4.949999809265137,3.23
2018-10-05,4.7958,4.945000171661377,3.11
2018-10-11,4.7972,4.915999889373779,2.48
2018-10-16,4.7954,4.915999889373779,2.51
2018-10-17,4.7944,4.915999889373779,2.54
2018-11-14,4.7889,4.890999794006348,2.13
2018-11-15,4.7894,4.890900135040283,2.12
2018-11-16,4.7894,4.898499965667725,2.28
2018-11-20,4.79,4.889999866485596,2.09
2018-11-27,4.7915,4.894999980926514,2.16
2018-11-29,4.8,4.949999809265137,3.12
2018-11-30,4.806,4.954999923706055,3.1
2018-12-03,4.808,4.9816999435424805,3.61
2018-12-04,4.808,4.935999870300293,2.66
2018-12-10,4.812,4.96999979019165,3.28
2018-12-11,4.814,4.960000038146973,3.03
2018-12-12,4.814,4.96999979019165,3.24
2018-12-13,4.8139,4.96999979019165,3.24
2018-12-14,4.8142,4.96999979019165,3.24
2018-12-17,4.8142,4.96999979019165,3.24
2018-12-18,4.8162,4.976099967956543,3.32
2018-12-19,4.8178,4.96999979019165,3.16
2018-12-20,4.8183,4.940000057220459,2.53
2018-12-21,4.8183,4.946000099182129,2.65
2019-02-06,4.96,5.203499794006348,4.91
2019-02-08,5.0002,5.238399982452393,4.76
2019-02-11,5.0003,5.249000072479248,4.97
2019-02-12,5.0006,5.156000137329102,3.11
2019-02-13,5.0016,5.156000137329102,3.09
2019-02-14,5.0015,5.261000156402588,5.19
2019-02-15,5.0017,5.25,4.96
2019-02-18,5.0017,5.25,4.96
2019-02-19,5.0067,5.256400108337402,4.99
2019-02-20,5.0117,5.199999809265137,3.76
2019-02-21,5.0167,5.230999946594238,4.27
2019-02-22,5.0227,5.46999979019165,8.91
2019-02-25,5.0327,5.331600189208984,5.94
2019-02-26,5.1002,5.34689998626709,4.84
2019-02-27,5.1551,5.460000038146973,5.91
2019-02-28,5.1752,5.5,6.28
2019-03-01,5.2002,5.475900173187256,5.3
2019-03-04,5.2002,5.5,5.77
2019-03-05,5.2002,5.520999908447266,6.17
2019-03-07,5.2102,5.480000019073486,5.18
2019-03-08,5.2202,5.575799942016602,6.81
2019-03-11,5.2352,5.495800018310547,4.98
2019-03-12,5.24,5.535999774932861,5.65
2019-03-13,5.24,5.55810022354126,6.07
2019-03-14,5.24,5.849999904632568,11.64
2019-03-15,5.24,5.55810022354126,6.07
2019-03-18,5.24,5.579999923706055,6.49
2019-03-19,5.24,5.453100204467773,4.07
2019-03-20,5.24,5.369999885559082,2.48
2019-03-21,5.1591,5.385000228881836,4.38
2019-03-22,5.0804,5.190000057220459,2.16
2019-03-26,5.0805,5.21999979019165,2.75
2019-04-01,5.0859,5.346099853515625,5.12
2019-04-02,5.0857,5.349199771881104,5.18
2019-04-03,5.0857,5.366000175476074,5.51
2019-04-04,5.0854,5.364500045776367,5.49
2019-04-05,5.0852,5.196000099182129,2.18
2019-04-09,5.085,5.216000080108643,2.58
2019-04-10,5.0852,5.210000038146973,2.45
2019-04-11,5.0862,5.22599983215332,2.75
2019-04-15,5.086,5.199999809265137,2.24
2019-05-17,5.0985,5.269999980926514,3.36
2019-05-21,5.103,5.285999774932861,3.59
2019-05-27,5.1151,5.2291998863220215,2.23
2019-05-29,5.1301,5.254099845886231,2.42
2019-06-03,5.2009,5.337600231170654,2.63
2019-06-04,5.2109,5.368299961090088,3.02
2019-06-06,5.2259,5.340000152587891,2.18
2019-06-10,5.2254,5.355999946594238,2.5
2019-06-11,5.2304,5.390999794006348,3.07
2019-06-12,5.2304,5.390999794006348,3.07
2019-06-13,5.2354,5.395899772644043,3.07
2019-06-14,5.2401,5.389999866485596,2.86
2019-06-17,5.2499,5.37559986114502,2.39
2019-06-18,5.2497,5.386000156402588,2.6
2019-06-19,5.2497,5.386000156402588,2.6
2019-06-20,5.2502,5.396599769592285,2.79
2019-06-21,5.2522,5.382500171661377,2.48
2019-06-24,5.2522,5.363699913024902,2.12
2019-06-25,5.257,5.448500156402588,3.64
2019-06-26,5.26,5.454999923706055,3.71
2019-06-27,5.259,5.409999847412109,2.87
2019-06-28,5.259,5.400000095367432,2.68
2019-07-01,5.258,5.380000114440918,2.32
2019-07-02,5.2575,5.395199775695801,2.62
2019-07-04,5.2575,5.367599964141846,2.09
2019-07-05,5.2595,5.437300205230713,3.38
2019-07-08,5.2585,5.406000137329102,2.8
2019-07-09,5.2585,5.406000137329102,2.8
2019-07-10,5.258,5.380000114440918,2.32
2019-07-11,5.2574,5.406000137329102,2.83
2019-07-12,5.2545,5.406000137329102,2.88
2019-07-15,5.2525,5.406000137329102,2.92
2019-07-23,5.2565,5.38539981842041,2.45
2019-07-25,5.2555,5.386000156402588,2.48
2019-07-30,5.257,5.396999835968018,2.66
2019-07-31,5.257,5.369999885559082,2.15
2019-08-01,5.2571,5.386000156402588,2.45
2019-08-02,5.2566,5.390999794006348,2.56
2019-08-06,5.258,5.369999885559082,2.13
2019-08-07,5.2604,5.369999885559082,2.08
2019-08-09,5.2615,5.395999908447266,2.56
2019-08-13,5.264,5.405900001525879,2.7
2019-08-14,5.264,5.42110013961792,2.98
2019-08-15,5.2666,5.4197998046875,2.91
2019-08-16,5.27,5.419600009918213,2.84
2019-08-19,5.275,5.420300006866455,2.75
2019-08-20,5.275,5.417300224304199,2.7
2019-08-21,5.275,5.466400146484375,3.63
2019-08-22,5.2764,5.460400104522705,3.49
2019-08-23,5.2774,5.4475998878479,3.23
2019-08-27,5.2804,5.398499965667725,2.24
2019-08-28,5.2804,5.466000080108643,3.51
2019-08-29,5.2814,5.464499950408936,3.47
2019-08-30,5.2814,5.449999809265137,3.19
2019-09-02,5.2814,5.429999828338623,2.81
2019-09-03,5.2872,5.461100101470947,3.29
2019-09-04,5.3001,5.47599983215332,3.32
2019-09-05,5.3001,5.468500137329102,3.18
2019-09-06,5.303,5.466000080108643,3.07
2019-09-09,5.303,5.412000179290772,2.06
2019-09-10,5.304,5.447100162506104,2.7
2019-09-11,5.304,5.47599983215332,3.24
2019-09-12,5.307,5.460000038146973,2.88
2019-09-13,5.307,5.486000061035156,3.37
2019-09-16,5.307,5.480999946594238,3.28
2019-09-17,5.3095,5.5,3.59
2019-09-18,5.3095,5.50600004196167,3.7
2019-09-19,5.312,5.480000019073486,3.16
2019-09-20,5.3169,5.500999927520752,3.46
2019-09-24,5.3168,5.503399848937988,3.51
2019-09-25,5.3166,5.46999979019165,2.89
2019-09-26,5.3164,5.489999771118164,3.27
2019-09-27,5.3161,5.507400035858154,3.6
2019-10-01,5.3156,5.423200130462647,2.02
2019-10-15,5.322,5.448832988739014,2.38
2019-10-18,5.3215,5.440000057220459,2.23
2019-10-21,5.3215,5.449999809265137,2.41
2019-10-22,5.3225,5.449999809265137,2.4
2019-10-23,5.3275,5.440000057220459,2.11
2019-10-24,5.3272,5.5,3.24
2019-10-25,5.3322,5.46999979019165,2.58
2019-10-28,5.3322,5.460000038146973,2.4
2019-10-29,5.3324,5.480000019073486,2.77
2019-10-30,5.3372,5.510000228881836,3.24
2019-10-31,5.3372,5.46999979019165,2.49
2019-11-01,5.3372,5.46999979019165,2.49
2019-11-04,5.3422,5.469954967498779,2.39
2019-11-05,5.35,5.480000019073486,2.43
2019-11-06,5.3598,5.5,2.62
2019-11-07,5.3598,5.510000228881836,2.8
2019-11-08,5.3598,5.480000019073486,2.24
2019-11-11,5.3598,5.489999771118164,2.43
2019-11-12,5.3596,5.489999771118164,2.43
2019-11-13,5.3593,5.480000019073486,2.25
2019-11-14,5.3608,5.5,2.6
2019-11-15,5.3608,5.570000171661377,3.9
2019-11-18,5.3633,5.517722129821777,2.88
2019-11-19,5.3648,5.519999980926514,2.89
2019-11-20,5.3673,5.510000228881836,2.66
2019-11-21,5.3776,5.519999980926514,2.65
2019-11-22,5.3776,5.559999942779541,3.39
2019-11-25,5.3774,5.570000171661377,3.58
2019-12-04,5.5369,5.679999828338623,2.58
2019-12-05,5.5369,5.679999828338623,2.58
2019-12-10,5.5367,5.650000095367432,2.05
2019-12-11,5.5387,5.659999847412109,2.19
2019-12-12,5.5387,5.690000057220459,2.73
2019-12-13,5.5385,5.710000038146973,3.1
2019-12-16,5.5405,5.800000190734863,4.68
2019-12-17,5.5403,5.699999809265137,2.88
2019-12-18,5.5403,5.692174911499023,2.74
2019-12-19,5.5401,5.670000076293945,2.34
2019-12-20,5.5396,5.670000076293945,2.35
2019-12-23,5.5396,5.730000019073486,3.44
2019-12-24,5.5393,5.659999847412109,2.18
2019-12-27,5.5388,5.650000095367432,2.01
2019-12-30,5.5378,5.650000095367432,2.03
2019-12-31,5.5337,5.690000057220459,2.82
2020-01-03,5.5342,5.659999847412109,2.27
2020-01-06,5.534,5.679999828338623,2.64
2020-01-08,5.5365,5.670000076293945,2.41
2020-01-09,5.5363,5.690000057220459,2.78
2020-01-10,5.5363,5.679999828338623,2.6
2020-01-13,5.5368,5.652517795562744,2.09
2020-01-14,5.5366,5.670000076293945,2.41
2020-01-15,5.5369,5.670000076293945,2.4
2020-01-16,5.5362,5.670000076293945,2.42
2020-01-17,5.5342,5.659999847412109,2.27
2020-01-21,5.5347,5.650000095367432,2.08
2020-01-22,5.5337,5.650000095367432,2.1
2020-03-05,5.3,5.409999847412109,2.08
2020-03-09,5.303,5.409999847412109,2.02
2020-03-10,5.3128,5.449999809265137,2.58
2020-03-11,5.318,5.449999809265137,2.48
2020-03-12,5.3278,5.553839206695557,4.24
2020-03-13,5.3278,5.489999771118164,3.04
2020-03-16,5.3376,5.489999771118164,2.86
2020-03-17,5.3481,5.53000020980835,3.4
2020-03-18,5.348,5.558131217956543,3.93
2020-03-19,5.35,5.539999961853027,3.55
2020-03-20,5.3603,5.539999961853027,3.35
2020-03-23,5.3713,5.559999942779541,3.51
2020-03-24,5.3963,5.570000171661377,3.22
2020-03-25,5.4361,5.699999809265137,4.85
2020-03-26,5.4379,5.699999809265137,4.82
2020-03-27,5.4377,5.710000038146973,5.01
2020-03-30,5.4374,5.666067123413086,4.21
2020-04-01,5.4423,5.710000038146973,4.92
2020-04-02,5.45,5.699999809265137,4.59
2020-04-03,5.461,5.710000038146973,4.56
2020-04-06,5.5007,5.71999979019165,3.99
2020-04-07,5.5005,5.730000019073486,4.17
2020-04-08,5.5025,5.699999809265137,3.59
2020-04-09,5.5055,5.71999979019165,3.9
2020-04-14,5.5105,5.760000228881836,4.53
2020-04-15,5.5103,5.760000228881836,4.53
2020-04-16,5.51,5.760000228881836,4.54
2020-04-17,5.51,5.739999771118164,4.17
2020-04-20,5.5148,5.641654968261719,2.3
2020-04-21,5.5148,5.710000038146973,3.54
2020-04-22,5.5247,5.699999809265137,3.17
2020-04-23,5.5247,5.71999979019165,3.54
2020-04-24,5.5449,5.730000019073486,3.34
2020-04-27,5.5479,5.75,3.64
2020-04-28,5.5581,5.760000228881836,3.63
2020-04-29,5.5685,5.760000228881836,3.44
2020-04-30,5.601,5.75,2.66
2020-05-04,5.601,5.760000228881836,2.84
2020-05-05,5.6,5.75,2.68
2020-05-06,5.6,5.760000228881836,2.86
2020-05-07,5.601,5.75,2.66
2020-05-26,5.6153,5.758092880249023,2.54
2020-06-10,5.6278,5.809999942779541,3.24
2020-06-11,5.6308,5.800000190734863,3.0
2020-07-06,5.668,5.789999961853027,2.15
2020-10-09,5.7032,5.829999923706055,2.22
2020-10-28,5.709,5.829999923706055,2.12
2020-11-13,5.7117,5.829999923706055,2.07
2020-11-27,5.7134,5.834692001342773,2.12
2020-12-10,5.7145,5.829999923706055,2.02
2020-12-15,5.716,5.849999904632568,2.34
2020-12-17,5.7165,5.849999904632568,2.34
2020-12-18,5.7195,5.849999904632568,2.28
2020-12-21,5.7192,5.840000152587891,2.11
2020-12-22,5.7202,5.840000152587891,2.09
2020-12-23,5.7212,5.909999847412109,3.3
2020-12-24,5.7322,5.869999885559082,2.4
2020-12-29,5.7322,5.849999904632568,2.06
2021-01-04,5.7602,5.878586769104004,2.06
2021-07-06,5.764,5.883418083190918,2.07
2021-07-12,5.78,5.898963928222656,2.06
2021-07-19,5.7963,5.932284832000732,2.35
2021-07-21,5.7965,5.940000057220459,2.48
2021-07-26,5.8003,5.933584213256836,2.3
2021-07-27,5.8003,5.989999771118164,3.27
2021-07-28,5.8001,5.929999828338623,2.24
2021-07-29,5.8011,5.940000057220459,2.39
2021-07-30,5.8011,5.959977149963379,2.74
2021-08-02,5.8021,5.958611965179443,2.7
2021-08-03,5.8026,5.960000038146973,2.71
2021-08-05,5.8024,5.96999979019165,2.89
2021-08-06,5.8203,5.960000038146973,2.4
2021-08-09,5.8203,6.000102043151856,3.09
2021-08-11,5.8201,6.000033855438232,3.09
2021-08-12,5.8221,6.000316143035889,3.06
2021-08-13,5.8221,5.997213840484619,3.01
2021-08-16,5.8231,5.972700119018555,2.57
2021-08-17,5.8261,5.993719100952148,2.88
2021-08-18,5.8261,6.004138946533203,3.06
2021-08-19,5.8271,6.0186381340026855,3.29
2021-08-20,5.8336,6.026562213897705,3.31
2021-08-23,5.8336,6.010173797607422,3.03
2021-08-24,5.8336,5.980000019073486,2.51
2021-08-25,5.8335,5.989999771118164,2.68
2021-08-26,5.8335,5.980000019073486,2.51
2021-08-27,5.8502,5.989999771118164,2.39
2021-08-30,5.8502,6.018375873565674,2.87
2021-08-31,5.8517,6.019032001495361,2.86
2021-09-01,5.8512,6.01899003982544,2.87
2021-09-02,5.8514,6.024273872375488,2.95
2021-09-03,5.8564,5.980466842651367,2.12
2021-09-06,5.8564,6.037303924560547,3.09
2021-09-07,5.8564,6.038641929626465,3.11
2021-09-08,5.8562,6.039584159851074,3.13
2021-09-13,5.8561,6.017917156219482,2.76
2021-09-22,5.8628,6.0,2.34
2021-10-05,5.8673,5.989999771118164,2.09
2021-10-07,5.8678,6.028090000152588,2.73
2021-10-08,5.8688,5.989999771118164,2.07
2021-10-11,5.8688,6.035109996795654,2.83
2021-10-12,5.8698,6.046474933624268,3.01
2021-10-20,5.8837,6.048862934112549,2.81
2021-10-21,5.8847,6.0506510734558105,2.82
2021-10-22,5.8949,6.0504150390625,2.64
2021-10-25,5.9001,6.058985233306885,2.69
2021-10-26,5.8999,6.019999980926514,2.04
2021-11-12,5.9031,6.093894958496094,3.23
2021-11-16,5.9042,6.039999961853027,2.3
2021-11-17,5.9113,6.03000020980835,2.01
2021-11-18,5.9113,6.03000020980835,2.01
2021-11-19,5.9113,6.039999961853027,2.18
2021-11-22,5.9113,6.101713180541992,3.22
2021-11-24,5.9117,6.03000020980835,2.0
2021-11-26,5.9142,6.113705158233643,3.37
2021-12-06,5.9202,6.139461040496826,3.7
2021-12-10,5.9314,6.165124893188477,3.94
2021-12-20,5.9538,6.107651233673096,2.58
2022-01-10,6.0064,6.132110118865967,2.09
2022-01-18,6.0083,6.245060920715332,3.94
2022-01-28,6.0226,6.150000095367432,2.12
2022-01-31,6.0236,6.26849889755249,4.07
2022-02-04,6.1077,6.25,2.33
2022-02-09,6.2005,6.378176212310791,2.87
2022-02-22,6.4225,6.577610969543457,2.42
2022-03-02,6.9966,6.79804277420044,2.84
2022-03-03,7.0009,6.699999809265137,4.3
2022-03-17,7.035,7.550000190734863,7.32
2022-03-23,7.1123,7.458116054534912,4.86
2022-03-24,7.1122,7.400000095367432,4.05
2022-03-25,7.1121,7.574999809265137,6.51
2022-03-28,7.1126,7.324624061584473,2.98
2022-03-29,7.1124,7.449999809265137,4.75
2022-03-30,7.1124,7.300000190734863,2.64
2022-03-31,7.1122,7.300000190734863,2.64
2022-04-01,7.112,7.260000228881836,2.08
2022-04-04,7.112,7.516112804412842,5.68
2022-04-06,7.1117,7.300000190734863,2.65
2022-04-12,7.1125,7.300000190734863,2.64
2022-04-13,7.1126,7.449999809265137,4.74
2022-04-14,7.1124,7.449999809265137,4.75
2022-04-20,7.1122,7.300000190734863,2.64
2022-04-21,7.1122,7.300000190734863,2.64
2022-04-22,7.1124,7.54381799697876,6.07
2022-04-25,7.1123,7.522133827209473,5.76
2022-04-26,7.1125,7.300000190734863,2.64
2022-04-27,7.1124,7.300000190734863,2.64
2022-04-28,7.1123,7.300000190734863,2.64
2022-05-04,7.1133,7.300000190734863,2.62
2022-05-06,7.1132,7.300000190734863,2.63
2022-05-09,7.1131,7.300000190734863,2.63
2022-05-10,7.1136,7.300000190734863,2.62
2022-05-16,7.1203,7.300000190734863,2.52
2022-05-18,7.1298,7.5,5.19
2022-05-19,7.1298,7.449999809265137,4.49
2022-05-20,7.1323,7.5,5.16
2022-05-23,7.1333,7.599999904632568,6.54
2022-05-24,7.1353,7.599999904632568,6.51
2022-05-25,7.1373,7.550000190734863,5.78
2022-05-26,7.1378,7.550000190734863,5.77
2022-05-27,7.1413,7.599999904632568,6.42
2022-05-30,7.1413,7.599999904632568,6.42
2022-05-31,7.1441,7.778541088104248,8.88
2022-06-01,7.1441,7.599999904632568,6.38
2022-06-02,7.1451,7.599999904632568,6.37
2022-06-03,7.1461,7.650000095367432,7.05
2022-06-06,7.1461,7.817009925842285,9.39
2022-06-07,7.1471,7.650000095367432,7.04
2022-06-08,7.1525,7.650000095367432,6.96
2022-06-09,7.1605,7.849641799926758,9.62
2022-06-10,7.2,7.75,7.64
2022-06-13,7.2,7.958072185516357,10.53
2022-06-14,7.201,7.800000190734863,8.32
2022-06-15,7.203,7.75,7.59
2022-06-16,7.203,7.800000190734863,8.29
2022-06-17,7.203,7.930592060089111,10.1
2022-06-20,7.206,7.942279815673828,10.22
2022-06-21,7.206,7.929537773132324,10.04
2022-06-22,7.211,7.800000190734863,8.17
2022-06-23,7.211,7.75,7.47
2022-06-24,7.215,7.800000190734863,8.11
2022-06-27,7.22,7.800000190734863,8.03
2022-06-28,7.2225,7.800000190734863,8.0
2022-06-29,7.2245,7.931180953979492,9.78
2022-06-30,7.2305,7.926549911499023,9.63
2022-07-01,7.2345,8.044063568115234,11.19
2022-07-04,7.2345,8.043622016906738,11.18
2022-07-05,7.2445,8.014884948730469,10.63
2022-07-06,7.2695,8.015241622924805,10.26
2022-07-07,7.2845,8.017069816589355,10.06
2022-07-08,7.3045,8.004376411437988,9.58
2022-07-12,7.3245,8.07986068725586,10.31
2022-07-13,7.3345,8.069852828979492,10.03
2022-07-14,7.3545,8.075180053710938,9.8
2022-07-15,7.3845,8.100465774536133,9.7
2022-07-18,7.3845,8.087145805358887,9.52
2022-07-19,7.4045,8.0999116897583,9.39
2022-07-20,7.4345,8.104649543762207,9.01
2022-07-21,7.4445,8.11202621459961,8.97
2022-07-22,7.4745,8.117317199707031,8.6
2022-07-25,7.5,8.086441993713379,7.82
2022-07-26,7.5,8.248170852661133,9.98
2022-07-27,7.53,8.24965763092041,9.56
2022-07-28,7.562,8.300000190734863,9.76
2022-07-29,7.612,7.800000190734863,2.47
2022-08-01,7.614,7.800000190734863,2.44
2022-08-02,7.644,8.350000381469727,9.24
2022-08-03,7.647,8.449999809265137,10.5
2022-08-05,8.0001,8.5,6.25
2022-08-08,8.0051,8.695241928100586,8.62
2022-08-09,8.0201,8.550000190734863,6.61
2022-08-10,8.0301,8.550000190734863,6.47
2022-08-11,8.0321,8.850000381469727,10.18
2022-08-12,8.0571,8.899999618530273,10.46
2022-08-15,8.0671,8.949999809265137,10.94
2022-08-16,8.0791,9.0,11.4
2022-08-17,8.0991,9.0,11.12
2022-08-18,8.0991,9.457895278930664,16.78
2022-08-19,8.1491,9.449999809265137,15.96
2022-08-22,8.1941,9.740532875061035,18.87
2022-08-23,8.1951,9.699999809265137,18.36
2022-08-24,8.2251,9.800000190734863,19.15
2022-08-25,8.225,9.850000381469728,19.76
2022-08-26,8.2255,9.850000381469728,19.75
2022-08-29,8.2265,10.000201225280762,21.56
2022-08-30,8.2275,9.850000381469728,19.72
2022-08-31,8.2325,9.899999618530272,20.26
2022-09-01,8.2325,9.949999809265137,20.86
2022-09-02,8.2335,9.899999618530272,20.24
2022-09-05,8.2385,9.800000190734863,18.95
2022-09-06,8.2415,9.75,18.3
2022-09-07,8.2465,9.800000190734863,18.84
2022-09-08,8.2465,9.899999618530272,20.05
2022-09-09,8.2565,9.899999618530272,19.91
2022-09-12,8.2585,9.947697639465332,20.45
2022-09-13,8.2687,9.899999618530272,19.73
2022-09-14,8.2697,9.899999618530272,19.71
2022-09-15,8.2797,10.07284164428711,21.66
2022-09-16,8.2897,10.0,20.63
2022-09-19,9.01,9.782936096191406,8.58
2022-09-20,9.04,9.949999809265137,10.07
2022-09-22,9.2413,9.99489974975586,8.15
2022-09-23,9.5414,9.949999809265137,4.28
2022-09-26,9.5413,10.087620735168455,5.73
2022-09-27,9.5433,10.100000381469728,5.83
2022-09-28,9.5483,10.050000190734863,5.25
2022-09-29,9.5585,10.050000190734863,5.14
2022-09-30,9.6048,10.100000381469728,5.16
2022-10-03,9.6248,10.199999809265137,5.98
2022-10-04,9.635,10.25,6.38
2022-10-05,9.635,10.25,6.38
2022-10-06,9.635,10.512616157531738,9.11
2022-10-07,9.6375,10.100000381469728,4.8
2022-10-10,9.6475,10.68539810180664,10.76
2022-10-11,9.7225,10.199999809265137,4.91
2022-10-12,9.792,10.5,7.23
2022-10-20,12.5886,11.790300369262695,6.34
2022-10-21,12.5307,12.25,2.24
2022-10-24,12.5337,13.44684886932373,7.29
2022-10-25,13.0085,13.5,3.78
2022-10-26,13.0083,13.550000190734863,4.16
2022-10-27,13.0093,13.550000190734863,4.16
2022-10-28,13.0091,13.5,3.77
2022-10-31,13.0086,13.550000190734863,4.16
2022-11-07,13.0179,13.91043758392334,6.86
2022-11-08,13.0379,13.600000381469728,4.31
2022-11-09,13.0559,13.850000381469728,6.08
2022-11-10,13.0759,13.899999618530272,6.3
2022-11-11,13.0759,13.850000381469728,5.92
2022-11-14,13.0809,14.361050605773926,9.79
2022-11-15,13.0807,14.199999809265137,8.56
2022-11-16,13.0957,14.199999809265137,8.43
2022-11-17,13.1057,14.0,6.82
2022-11-18,13.1056,14.300000190734863,9.11
2022-11-21,13.1054,14.0,6.83
2022-11-22,13.1052,14.0,6.83
2022-11-23,13.1055,14.100000381469728,7.59
2022-11-24,13.1053,14.0,6.83
2022-11-25,13.1051,14.480690002441406,10.5
2022-11-28,13.1048,14.0,6.83
2022-11-29,13.1046,14.25,8.74
2022-11-30,13.1044,14.0,6.83
2022-12-01,13.1039,14.0,6.84
2022-12-05,13.1034,14.076394081115724,7.43
2022-12-06,13.0834,13.5,3.18
2022-12-12,11.5,12.960318565368652,12.7
2022-12-13,10.4,12.368818283081056,18.93
2022-12-14,9.3,11.800000190734863,26.88
2022-12-15,8.0015,11.800000190734863,47.47
2022-12-16,8.0012,8.5,6.23
2022-12-19,8.001,9.006839752197266,12.57
2022-12-20,8.004,8.5,6.2
2022-12-21,8.009,8.800000190734863,9.88
2022-12-22,8.3,9.0,8.43
2022-12-23,8.303,9.5,14.42
2022-12-28,8.305,9.5,14.39
2022-12-29,8.315,9.0,8.24
2022-12-30,8.576,9.0,4.94
2023-01-03,8.586,9.967567443847656,16.09
2023-01-04,8.606,9.800000190734863,13.87
2023-01-05,8.611,9.800000190734863,13.81
2023-01-06,9.0047,9.699999809265137,7.72
2023-01-10,9.0097,9.800000190734863,8.77
2023-01-11,9.0297,9.699999809265137,7.42
2023-01-12,9.0447,10.100000381469728,11.67
2023-01-16,10.3357,11.936580657958984,15.49
2023-01-17,10.3462,11.977352142333984,15.77
2023-01-18,10.3562,12.0,15.87
2023-01-19,10.3561,12.0,15.87
2023-01-20,10.3559,12.0,15.88
2023-01-23,10.4,12.274556159973145,18.02
2023-01-24,10.405,12.0,15.33
2023-01-25,10.405,12.100000381469728,16.29
2023-01-26,10.6,12.0,13.21
2023-01-27,10.8,12.0,11.11
2023-01-30,10.7999,12.383132934570312,14.66
2023-01-31,10.7997,12.100000381469728,12.04
2023-02-01,10.7995,12.326645851135254,14.14
2023-02-02,10.7992,12.0,11.12
2023-02-03,10.799,12.0,11.12
2023-02-06,10.7987,12.340860366821287,14.28
2023-02-07,10.7986,12.0,11.13
2023-02-08,10.7984,12.0,11.13
2023-02-09,10.7983,12.0,11.13
2023-02-10,10.7993,11.899999618530272,10.19
2023-02-13,10.7998,12.17210865020752,12.71
2023-02-14,10.8018,11.899999618530272,10.17
2023-02-15,10.8021,11.899999618530272,10.16
2023-02-16,10.8019,12.380314826965332,14.61
2023-02-17,10.8039,12.351177215576172,14.32
2023-02-20,10.8039,12.654687881469728,17.13
2023-02-21,11.0064,12.72950267791748,15.66
2023-02-22,11.0084,12.7364501953125,15.7
2023-02-23,11.0134,12.823437690734863,16.43
2023-02-24,11.0132,12.87391185760498,16.9
2023-02-27,11.013,12.843984603881836,16.63
2023-02-28,11.0135,12.600000381469728,14.41
2023-03-01,11.0145,12.72382926940918,15.52
2023-03-02,11.0143,12.600000381469728,14.4
2023-03-03,11.0138,12.5,13.49
2023-03-07,11.0136,12.399999618530272,12.59
2023-03-08,11.0134,12.100000381469728,9.87
2023-03-09,11.0137,12.0,8.96
2023-03-10,11.0141,11.899999618530272,8.04
2023-03-13,11.0136,12.266127586364746,11.37
2023-03-14,11.0136,12.199999809265137,10.77
2023-03-15,11.0139,12.199999809265137,10.77
2023-03-16,11.0141,12.199999809265137,10.77
2023-03-17,11.0141,12.0,8.95
2023-03-20,11.014,12.252677917480469,11.25
2023-03-21,11.014,12.376486778259276,12.37
2023-03-22,11.0144,12.276649475097656,11.46
2023-03-23,11.0142,12.278053283691406,11.47
2023-03-24,11.0143,12.313217163085938,11.79
2023-03-27,11.0142,12.236414909362791,11.1
2023-03-28,11.014,11.899999618530272,8.04
2023-03-29,11.0139,12.00876522064209,9.03
2023-03-30,11.0138,11.649999618530272,5.78
2023-03-31,11.0137,11.649999618530272,5.78
2023-04-03,11.0117,11.5,4.43
2023-04-04,10.945,10.699999809265137,2.24
2023-04-05,10.93,10.600000381469728,3.02
2023-04-06,10.93,10.550000190734863,3.48
2023-04-11,10.9298,10.600000381469728,3.02
2023-04-14,10.9398,11.25,2.84
2023-04-17,10.9418,11.77810764312744,7.64
2023-04-18,10.9428,11.850000381469728,8.29
2023-04-19,10.9433,11.800000190734863,7.83
2023-04-20,10.9443,11.83078956604004,8.1
2023-04-21,10.9441,11.5,5.08
2023-04-25,10.9491,11.591330528259276,5.87
2023-04-26,10.9521,11.75,7.29
2023-04-27,10.9518,11.699999809265137,6.83
2023-04-28,10.9516,11.600000381469728,5.92
2023-05-02,10.9516,11.609999656677246,6.01
2023-05-03,10.9515,11.600000381469728,5.92
2023-05-04,10.9518,11.649999618530272,6.38
2023-05-05,10.9518,11.600000381469728,5.92
2023-05-08,10.9548,11.550000190734863,5.43
2023-05-09,10.9548,11.600000381469728,5.89
2023-05-10,10.9598,11.550000190734863,5.39
2023-05-11,10.9648,11.550000190734863,5.34
2023-05-12,10.9645,11.550000190734863,5.34
2023-05-15,10.9635,11.591023445129396,5.72
2023-05-16,10.9593,11.550000190734863,5.39
2023-05-30,10.9725,11.223909378051758,2.29
2023-06-02,10.9709,11.246926307678224,2.52
2023-06-12,10.9767,11.27211856842041,2.69
2023-06-19,10.9898,11.256213188171388,2.42
2023-06-26,10.9897,11.446207046508787,4.15
2023-07-03,10.9969,11.304068565368652,2.79
2023-07-05,11.0004,11.3568754196167,3.24
2023-07-10,11.0006,11.263949394226074,2.39
2023-07-17,11.0025,11.324176788330078,2.92
2023-07-21,11.0032,11.550000190734863,4.97
2023-07-24,11.0036,11.570627212524414,5.15
2023-07-25,11.0034,11.550000190734863,4.97
2023-07-31,11.0034,11.323335647583008,2.91
2023-08-03,11.0017,11.244635581970217,2.21
2023-08-21,11.0051,11.261993408203123,2.33
2023-08-25,11.0102,11.300000190734863,2.63
2023-08-28,11.0132,11.333301544189451,2.91
2023-08-29,11.0152,11.377774238586426,3.29
2023-08-30,11.0167,11.374728202819824,3.25
2023-08-31,11.0192,11.414579391479492,3.59
2023-09-01,11.0207,11.407995223999023,3.51
2023-09-04,11.0207,11.459134101867676,3.98
2023-09-05,11.023,11.384117126464844,3.28
2023-09-06,11.0331,11.420000076293944,3.51
2023-09-07,11.0401,11.399999618530272,3.26
2023-09-08,11.0516,11.4399995803833,3.51
2023-09-11,11.0531,11.38750171661377,3.03
2023-09-12,11.0558,11.434578895568848,3.43
2023-09-13,11.0558,11.449999809265137,3.57
2023-09-14,11.0661,11.449999809265137,3.47
2023-09-15,11.0708,11.470000267028809,3.61
2023-09-18,11.0723,11.45266342163086,3.44
2023-09-19,11.0736,11.470000267028809,3.58
2023-09-20,11.0745,11.489999771118164,3.75
2023-09-22,11.0745,11.5,3.84
2023-09-25,11.0758,11.460158348083496,3.47
2023-09-26,11.0791,11.520000457763672,3.98
2023-09-27,11.0815,11.539999961853027,4.14
2023-09-28,11.108,11.550000190734863,3.98
2023-09-29,11.1285,11.56999969482422,3.97
2023-10-02,11.1492,11.59589958190918,4.01
2023-10-03,11.1492,11.56999969482422,3.77
2023-10-04,11.1842,11.59000015258789,3.63
2023-10-05,11.2249,11.649999618530272,3.79
2023-10-06,11.2287,11.649270057678224,3.75
2023-10-09,11.2287,11.6793212890625,4.01
2023-10-10,11.2587,11.728788375854492,4.18
2023-10-11,11.2659,11.75,4.3
2023-10-12,11.3009,11.729999542236328,3.8
2023-10-13,11.3114,11.720000267028809,3.61
2023-10-16,11.3194,11.73633861541748,3.68
2023-10-17,11.335,11.739999771118164,3.57
2023-10-18,11.3605,11.729999542236328,3.25
2023-10-19,11.385,11.746928215026855,3.18
2023-10-20,11.4215,11.75,2.88
2023-10-23,11.4419,11.725211143493652,2.48
2023-10-24,11.4579,11.789999961853027,2.9
2023-10-25,11.4606,11.800000190734863,2.96
2023-10-26,11.4636,11.8100004196167,3.02
2023-10-27,11.4636,11.8100004196167,3.02
2023-10-30,11.4713,11.850275993347168,3.3
2023-10-31,11.4963,11.850000381469728,3.08
2023-11-01,11.4993,11.850000381469728,3.05
2023-11-02,11.5018,11.869999885559082,3.2
2023-11-03,11.5018,11.885193824768066,3.33
2023-11-06,11.5071,11.809036254882812,2.62
2023-11-07,11.512,11.890000343322754,3.28
2023-11-08,11.5148,11.880000114440918,3.17
2023-11-09,11.5199,11.890000343322754,3.21
2023-11-10,11.5241,11.880000114440918,3.09
2023-11-13,11.5295,11.873454093933104,2.98
2023-11-14,11.537,11.899999618530272,3.15
2023-11-15,11.545,11.890000343322754,2.99
2023-11-16,11.553,11.899999618530272,3.0
2023-11-17,11.561,11.890000343322754,2.85
2023-11-20,11.561,11.876002311706545,2.72
2023-11-21,11.5658,11.920000076293944,3.06
2023-11-22,11.5745,11.90999984741211,2.9
2023-11-23,11.5745,11.915435791015623,2.95
2023-11-24,11.583,11.975082397460938,3.38
2023-11-27,11.59,11.917263984680176,2.82
2023-11-28,11.5991,11.960000038146973,3.11
2023-11-29,11.6111,11.949999809265137,2.92
2023-11-30,11.6206,11.949999809265137,2.83
2023-12-04,11.6246,11.995243072509766,3.19
2023-12-05,11.6246,11.960000038146973,2.89
2023-12-06,11.6261,11.949999809265137,2.79
2023-12-07,11.6294,11.960000038146973,2.84
2023-12-08,11.6301,11.949999809265137,2.75
2023-12-11,11.6358,12.027217864990234,3.36
2023-12-12,11.6356,11.979999542236328,2.96
2023-12-13,11.6384,12.00711441040039,3.17
2023-12-14,11.6402,12.02268409729004,3.29
2023-12-15,11.6431,11.989999771118164,2.98
2023-12-18,11.6431,12.08763027191162,3.82
2023-12-19,11.645,11.979999542236328,2.88
2023-12-20,11.6457,11.970000267028809,2.78
2023-12-21,11.6457,11.979999542236328,2.87
2023-12-22,11.6454,11.970000267028809,2.79
2023-12-27,11.6443,11.970000267028809,2.8
2023-12-28,11.643,11.970000267028809,2.81
2024-01-29,12.005,12.360440254211426,2.96
2024-01-30,12.0126,12.300000190734863,2.39
2024-01-31,12.0356,12.3100004196167,2.28
2024-02-01,12.0356,12.300000190734863,2.2
2024-02-02,12.0536,12.350000381469728,2.46
2024-02-05,12.0711,12.465635299682615,3.27
2024-02-06,12.0793,12.365549087524414,2.37
2024-02-07,12.0876,12.350000381469728,2.17
2024-02-08,12.1,12.350000381469728,2.07
2024-02-09,12.1178,12.380000114440918,2.16
2024-02-14,12.1625,12.40999984741211,2.03
2024-03-28,12.877,13.149999618530272,2.12
2024-04-02,12.9071,13.199999809265137,2.27
2024-04-03,12.9071,13.25,2.66
2024-04-04,12.9132,13.300000190734863,3.0
2024-04-05,12.9182,13.350000381469728,3.34
2024-04-08,12.9593,13.36992645263672,3.17
2024-04-09,12.9593,13.340699195861816,2.94
2024-04-10,12.9708,13.359999656677246,3.0
2024-04-12,12.9867,13.427842140197754,3.4
2024-04-15,12.9972,13.394238471984863,3.05
2024-04-16,12.9972,13.399999618530272,3.1
2024-04-17,13.0045,13.399999618530272,3.04
2024-04-18,13.01,13.41610622406006,3.12
2024-04-19,13.0537,13.399999618530272,2.65
2024-04-22,13.0666,13.397685050964355,2.53
2024-04-23,13.0758,13.40999984741211,2.56
2024-04-24,13.1421,13.40999984741211,2.04
2024-04-25,13.1749,13.470000267028809,2.24
2024-04-26,13.1994,13.489999771118164,2.2
2024-04-29,13.2442,13.555109024047852,2.35
2024-04-30,13.2739,13.600000381469728,2.46
2024-05-02,13.3734,13.649999618530272,2.07
2024-05-03,13.4161,13.699999809265137,2.12
2024-05-07,13.4982,13.770000457763672,2.01
2024-05-14,13.723,14.100000381469728,2.75
2024-05-15,13.7343,14.199999809265137,3.39
2024-05-16,13.771,14.210000038146973,3.19
2024-05-17,13.8,14.25,3.26
2024-05-20,13.8395,14.202194213867188,2.62
2024-05-21,13.8756,14.391741752624512,3.72
2024-05-22,13.907,14.449999809265137,3.9
2024-05-23,13.9295,14.5,4.1
2024-05-24,13.955,14.449999809265137,3.55
2024-05-27,14.005,14.509605407714844,3.6
2024-05-28,14.015,14.607134819030762,4.23
2024-05-29,14.0478,14.64517593383789,4.25
2024-05-30,14.0979,14.699999809265137,4.27
2024-05-31,14.1301,14.699999809265137,4.03
2024-06-03,14.1294,14.716094970703123,4.15
2024-06-04,14.1495,14.850000381469728,4.95
2024-06-05,14.1495,14.850000381469728,4.95
2024-06-06,14.1445,14.949999809265137,5.69
2024-06-07,14.1515,14.855175971984863,4.97
2024-06-10,14.1996,14.94985008239746,5.28
2024-06-11,14.248,14.86627960205078,4.34
2024-06-12,14.273,14.949999809265137,4.74
2024-06-13,14.273,14.949999809265137,4.74
2024-06-14,14.3015,14.989999771118164,4.81
2024-06-18,14.3229,15.0,4.73
2024-06-19,14.3649,15.050000190734863,4.77
2024-06-20,14.4067,15.050000190734863,4.47
2024-06-21,14.4467,15.100000381469728,4.52
2024-06-24,14.4865,15.095062255859377,4.2
2024-06-25,14.5258,15.149999618530272,4.3
2024-06-26,14.5458,15.199999809265137,4.5
2024-06-27,14.561,15.199999809265137,4.39
2024-06-28,14.586,15.199999809265137,4.21
2024-07-01,14.586,15.21246337890625,4.29
2024-07-02,14.6232,15.300000190734863,4.63
2024-07-03,14.6581,15.32612133026123,4.56
2024-07-04,14.6581,15.43000030517578,5.27
2024-07-05,14.6707,15.380910873413086,4.84
2024-07-08,14.7085,15.390661239624023,4.64
2024-07-09,14.7085,15.356762886047363,4.41
2024-07-10,14.7136,15.387532234191896,4.58
2024-07-11,14.7136,15.350000381469728,4.33
2024-07-12,14.7172,15.359999656677246,4.37
2024-07-15,14.7253,15.333059310913086,4.13
2024-07-16,14.7456,15.350000381469728,4.1
2024-07-17,14.7604,15.428165435791016,4.52
2024-07-18,14.765,15.38982105255127,4.23
2024-07-19,14.7811,15.41051197052002,4.26
2024-07-22,14.7811,15.404754638671877,4.22
2024-07-23,14.7864,15.399999618530272,4.15
2024-07-24,14.7984,15.449999809265137,4.4
2024-07-25,14.8185,15.460000038146973,4.33
2024-07-26,14.8283,15.479762077331545,4.39
2024-07-29,14.8358,15.479008674621582,4.34
2024-07-30,14.8906,15.479999542236328,3.96
2024-07-31,14.9009,15.489999771118164,3.95
2024-08-01,14.9501,15.5,3.68
2024-08-02,14.9696,15.510000228881836,3.61
2024-08-06,14.9911,15.5,3.39
2024-08-07,15.0222,15.5,3.18
2024-08-08,15.0574,15.564030647277832,3.36
2024-08-09,15.0919,15.539999961853027,2.97
2024-08-12,15.1156,15.579999923706056,3.07
2024-08-13,15.1341,15.579999923706056,2.95
2024-08-14,15.1327,15.600000381469728,3.09
2024-08-15,15.1327,15.600000381469728,3.09
2024-08-16,15.1322,15.630894660949709,3.3
2024-08-19,15.1312,15.519006729125977,2.56
2024-08-20,15.1312,15.579999923706056,2.97
2024-08-21,15.13,15.579999923706056,2.97
2024-08-22,15.1315,15.579999923706056,2.96
2024-08-23,15.1315,15.56999969482422,2.9
2024-08-26,15.1365,15.503413200378418,2.42
2024-08-27,15.1355,15.609999656677246,3.14
2024-08-28,15.158,15.600000381469728,2.92
2024-08-29,15.1719,15.631378173828123,3.03
2024-08-30,15.1899,15.65999984741211,3.09
2024-09-02,15.2302,15.65056324005127,2.76
2024-09-03,15.2476,15.616768836975098,2.42
2024-09-04,15.2795,15.609999656677246,2.16
2025-04-24,14.9,15.25,2.35
2025-04-25,14.55,15.117386817932127,3.9
2025-04-28,14.38,15.260000228881836,6.12
2025-04-29,14.25,15.260000228881836,7.09
2025-04-30,14.15,15.25,7.77
2025-05-02,13.9,14.271273612976074,2.67
2025-05-05,13.65,14.060771942138672,3.01
2025-05-23,10.95,11.614072799682615,6.06
2025-05-26,10.4,11.00936794281006,5.86
2025-08-13,10.7506,10.5,2.33
2025-08-14,10.8,10.5,2.78
2025-10-13,11.9,12.189154624938965,2.43
2025-10-14,11.45,11.936057090759276,4.25
2025-10-15,11.25,11.949999809265137,6.22
2025-10-16,10.7,11.899999618530272,11.21
2025-10-17,10.7,11.050000190734863,3.27
2025-12-24,11.1,11.460000038146973,3.24
2025-12-29,10.65,11.105551719665527,4.28
2025-12-30,10.45,11.300000190734863,8.13
2025-12-31,10.45,10.899999618530272,4.31
2026-01-06,10.6169,10.399999618530272,2.04
2026-02-24,10.66,10.941010475158691,2.64
2026-06-11,11.05,11.632821083068848,5.27
